<?xml version="1.0" encoding="UTF-8"?>
<project-private xmlns="http://www.netbeans.org/ns/project-private/1">
    <editor-bookmarks xmlns="http://www.netbeans.org/ns/editor-bookmarks/2" lastBookmarkId="0"/>
    <open-files xmlns="http://www.netbeans.org/ns/projectui-open-files/2">
        <group>
            <file>file:/C:/Users/abhishek/Documents/NetBeansProjects/moviekhabri/web/WEB-INF/web.xml</file>
            <file>file:/C:/Users/abhishek/Documents/NetBeansProjects/moviekhabri/web/createid.jsp</file>
            <file>file:/C:/Users/abhishek/Documents/NetBeansProjects/moviekhabri/web/index.html</file>
            <file>file:/C:/Users/abhishek/Documents/NetBeansProjects/moviekhabri/web/review.jsp</file>
            <file>file:/C:/Users/abhishek/Documents/NetBeansProjects/moviekhabri/web/login.jsp</file>
            <file>file:/C:/Users/abhishek/Documents/NetBeansProjects/moviekhabri/src/java/com/login/Login.java</file>
            <file>file:/C:/Users/abhishek/Documents/NetBeansProjects/moviekhabri/src/java/com/find/Find.java</file>
            <file>file:/C:/Users/abhishek/Documents/NetBeansProjects/moviekhabri/src/java/com/review/ReviewDao.java</file>
            <file>file:/C:/Users/abhishek/Documents/NetBeansProjects/moviekhabri/src/java/com/create/Createid.java</file>
            <file>file:/C:/Users/abhishek/Documents/NetBeansProjects/moviekhabri/web/find.jsp</file>
            <file>file:/C:/Users/abhishek/Documents/NetBeansProjects/moviekhabri/src/java/com/review/Review.java</file>
            <file>file:/C:/Users/abhishek/Documents/NetBeansProjects/moviekhabri/src/java/com/login/Logout.java</file>
            <file>file:/C:/Users/abhishek/Documents/NetBeansProjects/moviekhabri/src/java/com/create/CreateidDao.java</file>
            <file>file:/C:/Users/abhishek/Documents/NetBeansProjects/moviekhabri/src/java/com/login/LoginDao.java</file>
        </group>
    </open-files>
</project-private>
